{"Quick Sort": [0.0009942054748535156, 0.0019953250885009766, 0.03810620307922363, 0.4298701286315918, 5.126572608947754, 11.005022525787354], "Merge Sort": [0.0005037784576416016, 0.002955913543701172, 0.0860757827758789, 0.5906257629394531, 7.935251474380493, 17.92986798286438]}